group	change	path	foundation_blob	donor_mode	donor_blob	sha256
runtime-support	add	.github/actions/dependency-cache-provider/action.yml	-	100644	81a6a8ff7136033699f6c34ab299e92ea0af1a76	24e3f2843f9b2f59ca4a26099856eca1c7cf090c03168e477585f039de190825
runtime-support	add	.github/actions/dependency-cache-provider/index.cjs	-	100644	44107eacf9067bc67069d94e7a40ae5e796922dd	ebff3c7bd28ceb412c2f84e6eb30e1bed7727f7481a17f30fbd1bce900b96627
runtime-support	add	.github/actions/initial-recipient-initialize/action.yml	-	100644	88b45ca780e99c3f67ababfb666c8ef008e88f92	375de592dc4af750d778b17153dcea771af133355a78774197984ffdb0c37bb9
runtime-support	add	.github/test-evidence-recipient.json	-	100644	118bf7577771ca79aeaf016d9f9602cb5b666dfa	2e90a1ed038d5bb6759d8d22e1bb5468331b49274a6956df470c1e785691f521
runtime-support	replace	gradle/platform-test-coverage.init.gradle	99f651bdd705f1c88bf1f45b0e90f8c7e2c5b250	100644	5b2dff03ca8097978326858e05dce0175b51922f	4be4d230ca095b97d1ce2fb600a521ebe3f8156e8f25fa58e98e89323a39cc70
runtime-support	add	gradle/test-transcript-custody.init.gradle	-	100644	81f8851ef8ffb2a2c6f59995304f3fa4c22b0d95	350cbde2dec50639c43583ecd8f9d1ccf6f161f5aa4962f399daaea16ea8c07b
runtime-support	replace	scripts/audit_processes.py	c905f606da8489650a6d99cc32aa62703aa228de	100644	915e21983f8c4f4e51a78f55ad4d7599b7c5f5c3	eaec1474fa9469b3efd2cf39977f212f80e2988414c6b95967997250b3c88b6d
runtime-support	add	scripts/check-hosted-test-composition.py	-	100755	b2b6eb398aca39f13852a8bb04e990347ebe840e	930e406717bead4270273289fd4631936b0337929d920ee382a2b327c2727eee
runtime-support	add	scripts/hosted-cache-provider-action.cjs	-	100644	3f4ac0b301e161c74188636733efbdb6eb656a5e	c59aed5d264c46c86766645cfbeb3ed01c71c3d8ed2c547a62cd59d34fdcbfe0
runtime-support	add	scripts/hosted-cache-provider-node-bridge.cjs	-	100644	7d3b9f09c17a28d26da33b810067fc34a4671046	a22227e20bc7216be9dedc723da64cbe5a9116ef8c1a66529bd913aaa486fcfa
runtime-support	add	scripts/hosted-cache-provider-node-return.cjs	-	100644	f0ee271121dab1404f2a358679720a04d329ae5d	afa9bc4ce26f402de387203c69ba318611740d44a8e7715911f4033882f08b4d
runtime-support	add	scripts/hosted_cache_bootstrap_allocation.py	-	100644	01ec1d8bf4deda6c1629a8d8f7eb702168d4f433	aaca39217bedc81f116c185e75d83052896af44e13dc95586d3b84da3ff9b716
runtime-support	add	scripts/hosted_cache_bootstrap_canonical.py	-	100644	82d6f15489f130fd5c0e0b4d24f1565db37e11d0	3e9f4c5cd99aca8c1e28625f7f811ca2a866ef170ff81fc7401d35a9111f15d4
runtime-support	add	scripts/hosted_cache_bootstrap_collect_files.py	-	100644	8bf9187485766b16ade7a85b32c4bbb41415bb69	f3a563874fd723ea6aae973a41e76db1cbef74f90f6fcbf9adfe05b5fad8fec3
runtime-support	add	scripts/hosted_cache_bootstrap_collection.py	-	100644	6f13d093fd59ffb6cca5f90ae25d1be42c3e0fd4	02e253894dc91200d3bfbb3ea3bb3cba7edfda643a3d7677759d8ce42ad2288c
runtime-support	add	scripts/hosted_cache_bootstrap_custody.py	-	100644	ae57432670609a2175f704dae41485dd80961774	2ccc97810bd5b414619f28ea2a6f087b5edc22e9263217c55f5999eea7dd5dd8
runtime-support	add	scripts/hosted_cache_bootstrap_export.py	-	100644	28332b6dabf3d27d201f76dd69c949c6c3372725	a69699d9c3b29e7884a0bb5d5eca1c5f8f6061de0b65bd808af4977d7a3fb2df
runtime-support	add	scripts/hosted_cache_bootstrap_history.py	-	100644	aa45b973f53fa0297253034e7b20480adb42a941	f2199af642e5dbf00e212e8c774fec60987956177b94fc8bb0d862d256128c41
runtime-support	add	scripts/hosted_cache_bootstrap_identity.py	-	100644	3717bf9a342dcc0137948a00e7787975b6770f0b	f047a916ecbf945f8cea6a35a6e16bd37e17797b8922d0ed2fad21ea8ca05a85
runtime-support	add	scripts/hosted_cache_bootstrap_initialization.py	-	100644	5ca807c4c08ff3a7c761f49460289bff3c18ab5a	c596df53375ae3ca394494e6e3ea557de82f6d70a81fcb58d2764b37d25b3c89
runtime-support	add	scripts/hosted_cache_bootstrap_no_loader.py	-	100644	92913fd7a4c5c572531d43782d2bfaaae2a2c470	f5676322e00bb6a36d34d539476bb3e0ad5519db3b4a5dff32b320a95d78c133
runtime-support	add	scripts/hosted_cache_bootstrap_origin.py	-	100644	7aa36b093e3eacbc381e462b896e930fcfb4a2f8	8ba2650684f50d26fc2e09c794e516cd38182e0f229747af7bf7a1845563664b
runtime-support	add	scripts/hosted_cache_bootstrap_producer.py	-	100644	a0f3e15ec4b5592ad851fa98c21f6791d4fac19a	c0afee367f848d80cee5f8c91ccdc6ab338453998623a300c2661c2c40040e93
runtime-support	add	scripts/hosted_cache_bootstrap_producer_command.py	-	100644	4027d071a0db7e7efe4aa12aca06d97032da67f4	3502c705a85a7f20d478730c60bf2cb39d3ef27b645c14dbf352b383712b6c7f
runtime-support	add	scripts/hosted_cache_bootstrap_save_set.py	-	100644	43e12ac9662a33fc3d4db51aac10ecd80db40cd1	34ad5d5e30afe0747d1bd9759acd22ab3a03857796099b76b53e9d68e0f0a60e
runtime-support	add	scripts/hosted_cache_bootstrap_service_time.py	-	100644	17e4852ef6883fc7a9f7453026be461cb0a2680b	4d6dabf8113edcf8b1bc853d1ec53ce19517b4d6a4fdee28804b6c303b33ce6a
runtime-support	add	scripts/hosted_cache_bootstrap_staging.py	-	100644	01f4c13fc0dd88f65d08af85134f0976470c031b	be88d9a69658f8bafdee9b61a074d91b551020ea2ab3809a5a4e9523d050678b
runtime-support	add	scripts/hosted_cache_provider_cancel.py	-	100644	cf8ea13e497f8a508ecefcd8f5bc1ec0985b70ec	93b22c6a318ea12bb77647d9c549d75a3548911988df36c0a3c577c35c5d3147
runtime-support	add	scripts/hosted_cache_provider_clock.py	-	100644	e0d366d86fe2f60a928d588bfd639845d02f0eee	efb2ac76834dd3c0928472d6820e4a85586efabb50fb23e0ef4282cf62206b75
runtime-support	add	scripts/hosted_cache_provider_entry.py	-	100644	e81e274556909f42c467e14e68ac23a4ff530727	77e545f84a3e901ab0363b0e1646322f7b1cf0df2ec6160ad3652ee745586e8e
runtime-support	add	scripts/hosted_cache_provider_environment.py	-	100644	67ca44acc77c35faa8b163e26a9ee4b991702b56	9b6e12a19dc320d846498e53221bf06120f2653664cbcf3a475a75b343989eac
runtime-support	add	scripts/hosted_cache_provider_launch.py	-	100644	b589bc5ff10409150dc40cc984b578fc0653554e	c6872fd6e8114e172ccc99311b3f600c76ea81f7dfe95109711159f9a4f589b4
runtime-support	add	scripts/hosted_cache_provider_lifecycle.py	-	100644	2de9f977f182181e73ee0091dde22f5537c4a789	686604595dd4e90674070d4a7b7dc76103fe0f316e12982517c6bce54ce78d50
runtime-support	add	scripts/hosted_cache_provider_native.py	-	100644	356a517caf485a5b048cacde24a302fa35717e52	32a70fbd6e2f353c190b26838111db70a65eb53bb69e3c1932c9fb30f447d46a
runtime-support	add	scripts/hosted_cache_provider_prepare.py	-	100644	47403c17f60f4b245861f2b439f3295f9e4229af	f1866ff743784626f45a8206ac72442462ea8c18b83dd79be764a2011e0b4845
runtime-support	add	scripts/hosted_cache_provider_readback.py	-	100644	b5a24d82ef087bda1a5fa49b25055e0a8ef39e71	47b5bf66dca55e0bec82593236d12c557d4c5b2fa7ad9315249a58762a702c5b
runtime-support	add	scripts/hosted_cache_provider_return.py	-	100644	24540d3844547f4953850d3a1a3fcffe8c28e5a0	b24e4f104b54934c58d2d8fab2d2bd1a64d16b9c904097779a7bff49509a5a01
runtime-support	add	scripts/hosted_cache_provider_supervisor.py	-	100644	f8a0567bf14c445b70bea86a3a77752282b12347	c238620ff689e0d729e0b030106133201bdd699fcf053b8ea10521fbd26952bd
runtime-support	add	scripts/hosted_cache_provider_supervisor_return.py	-	100644	0029778a0387ea1ecb71250f82baf0b3f2a9c33d	02ddc285b8753ae6d46783a2e7e4325898524fd82f3aee7e038edb9f6b2471be
runtime-support	add	scripts/hosted_cache_provider_worker.py	-	100644	0f7c7cc0681081f00ce395eb0f0050f38c68a7c4	0118ad06c3b0fa114f73536d4cbf871ad10e19b96d8e23f73471c0ab9dc81f12
runtime-support	add	scripts/hosted_canonical_python.py	-	100644	6c98378dbd443b4cb76bc88ee10630ebe23b6e7b	432c06f0be8f98db286979b7adc58365d9eafde739c023ac13af1f227acaeba4
runtime-support	add	scripts/hosted_dependency_cache.py	-	100644	8499b4f33c375c3e985305d26eaf51b0b98838ae	a2637f8d6f4cf77b4a4dae0f4de0c020fa153333f5e09b287248d0262b891baf
runtime-support	add	scripts/hosted_dependency_seed.py	-	100644	dccca747a32914accabbade166cf38145c09c330	6f337c66b8d3adbf5c06aca9347622a68e21debad32ca78af1ba1b07b10c1875
runtime-support	add	scripts/hosted_dependency_seed_files.py	-	100644	74bbb852daa5b7a81b64b43122f84d69a92c1f03	fd05f6715c6345ac85b19b4f52603035c6dd4741b048d8a9094f3f3c01b2cc03
runtime-support	add	scripts/hosted_evidence.py	-	100755	304328e557592c677788ab8b604116b196372122	62720c04744b62eafaeccc3b4eab79ca88e239b75210e45c230692274e3f89b2
runtime-support	add	scripts/hosted_full_job_budget.py	-	100644	2cc14ffde38a6604e9f1139d5f7a5c4445fb4bd3	6af6477463dacd752011088848e458a10481e6016cbafb20c31c528c35cd2120
runtime-support	add	scripts/hosted_full_simulator.py	-	100644	c75b39a0cf37b7947d7ad163dd88dfa82798fd5a	6638642572ce4125fc650ace3033b5383e225bfde27fe3958b2152d5086fb8d6
runtime-support	add	scripts/hosted_full_supplements.py	-	100644	cf013d8b96ae6033eb9c3937430b68f84a1c00ce	9fa1f6af326805ac3c0e30324e1ae16308136c4af6da02580fb507c3293e9202
runtime-support	add	scripts/hosted_initial_recipient_bootstrap_identity.py	-	100644	475bbeaa111d0b6819137eec3842313999dad40f	5ad1334fdf38f35c1ceb441ce2f6797affd6472a8e63fc59be9e32b3e1505773
runtime-support	add	scripts/hosted_initial_recipient_continuity.py	-	100644	e8f36e09d4f9b8cabbe03ea09c19025be2c825e6	83cf362897f784b607c01abce6ef8c89f60f7283922d3c5ec37975c330bb1c39
runtime-support	add	scripts/hosted_initial_recipient_evidence.py	-	100644	40389b9452d94b092a4e78f1759f58118f1adf49	09dd3c590a377892b018dc45202037cc37cde15e70bf98aaf978dc234a2dcd62
runtime-support	add	scripts/hosted_initial_recipient_exception.py	-	100644	7343cae99d29b19d66f3c5b32cfc84d112676382	4c2033f4dc13eadfab2326f54d3169e84353cd6042c7c2d94c007dfd1503b97f
runtime-support	add	scripts/hosted_initial_recipient_gate.py	-	100644	baf89e039aafc706471b0dc19355a4f388ffcb0b	6460b16dbb02fc7c1116493e66486665707063af7b67cb66bed982ec80377f2f
runtime-support	add	scripts/hosted_initial_recipient_originals.py	-	100644	3ef0a1a0bde8a2cbed649923ff43ba001a219777	99b5d89dd546ef3651b0db834fd315a385c18a6be57fb5bb6d6eb64b5cfa110f
runtime-support	add	scripts/hosted_initial_recipient_stages.py	-	100644	189e7b94a391db614eb8bb312b0c33419c7a91b1	6f6bd82bf0cf0fb0090260820817ff8cc19122eacddd5a2fcf91c02945f69692
runtime-support	add	scripts/hosted_job_clock.py	-	100644	dc1dc1cf730447dd1fe6dc09dced802b0246229b	05bafa2c51a150f837e1efde9966a6b2e2c00e3eeb8a57274177133226aaf937
runtime-support	add	scripts/hosted_lock_resources.py	-	100644	cd3a3373a325118fc274e31c07c9596aa49c01a0	ab3a133babf34cbf230b176ebbe172a16bf8ea8518538473e4f4361b8fcefd05
runtime-support	add	scripts/hosted_primary_abi.py	-	100644	916a7b76a471c390b9b23161b15c4109890b461e	bd1eec53aa0e0b2238a439c359cec730546c2a1ee02e99fd4304d04d3bcaf252
runtime-support	add	scripts/hosted_test_evidence.py	-	100644	d744ba34ec4dee8c06f6d856b2b9b4445bbed70f	818a302c33707a02ad7cc1b76a53bc39ca98934c663a01ca8bbd487b63cc5763
runtime-support	add	scripts/hosted_test_identity.py	-	100644	556d168a7afb012e58504165e65d7cf8a5803330	7fb8a7bb457ad7a623f1b82af9db4d4903945f5f900b34772fc4048ff7229178
runtime-support	add	scripts/hosted_test_query.py	-	100644	904f85a92d24d2ae9fde636844ebd271af007898	017649cea6464fdc15f7ac732ee0f7b6516c690d43998b2d12e0bf6a0f5b7474
runtime-support	add	scripts/hosted_windows_evidence.py	-	100644	a6498eb49fc3887487cba8d0c3aeb43904c7d2c7	311e76ecdfc75d8d9e3768c3f3535fcd75b721658981497253908cdf1e477b78
runtime-support	add	scripts/hosted_windows_files.py	-	100644	4c3084e82644741a1dbbead4925ee37142824ee7	8e735de6f52d8a01d18c687b4e29099fab0037fda7b15202e72501002e007433
runtime-support	add	scripts/inspect-ordinary-swift-results.py	-	100644	778acc29104759acc24f3aa633b0ad35c8a03ef4	eaa717677d85437d91f09804c736c5b84ea52411b81be9a08f15fc1a757468c9
runtime-support	add	scripts/prepare-audit-central-bundle-metadata.py	-	100644	5006b6e97c81bfa58a2da4d85dae1b8693510bd4	3f2f1f7323eece5a01f7ceacf1b3ad4694015434a25e858cb58c72a58a390c1c
runtime-support	replace	scripts/run-audit-command.py	d9bf4d549fd9668d3169df0cf0dd12fd1e22ce96	100755	2abb04e33def636b1c0c98e5ffea9471315fc6fd	04e921eb5ba1e715078d9b315e366cc8f970151c9c1e5e0a4e5dfae0f0ed1ccc
runtime-support	add	scripts/run-hosted-cache-bootstrap.py	-	100644	04c4896c6221d3504fbd37939ca796a276272fac	4d9c143b090019d3c6d27e5008fdeb6d28af0971a6b1036ab20a7c490430be4c
runtime-support	add	scripts/run-hosted-initial-recipient-custody.py	-	100644	377f9191a3f9ae3facf5d079b5066d8fd7adc29d	149479c5c68f95cb1c80aabe88ffc04433dc28d0e6f5993289f1c7adb1e425a5
runtime-support	add	scripts/run-hosted-initial-recipient.py	-	100644	d519493fbd2efe9b2a6c4692a54eeae316668c09	9e401f0cf4a091c693f757e7e5b477b6628af27304daa4c87b607a6503d48258
runtime-support	add	scripts/run-hosted-test-admission.py	-	100644	92675622b8b168a394fa2a4ae69af04e31e5f064	6643518419916b3b61760424a0e28a54e496e2d463f6fa3dc63615d00eefd308
runtime-support	add	scripts/run-hosted-test-custody.py	-	100644	f07c8b81cefd7aa0218fd403f31ea81f314208a8	835b051a2c80958b2d9b8f6bb9c1c5e81c02d572b5ef3b0b1554c81ae72eeff5
runtime-support	replace	scripts/run-platform-tests.py	9de94db609b2d05c86b9572834ec4baae47cc586	100644	d82ee0690f6795f4b39db79581e73b7a0cd9fc4e	5daec82d7e5acdeaf6d9398e810eb2cfcf4e28721e76bfd192f1c21f67a40e5b
runtime-support	add	scripts/test-transcript-custody.py	-	100644	62888f200a0c9cc090de2b15fad272d29948b1a2	be00016b983ff573a981da2784afd2cb65589b714ab25420a8243234b30c9761
focused-test-fixture	add	scripts/tests/audit-process-drain-deadline-test.py	-	100644	24dfe732060ef5e9dbdcb95ae264067687bfaf8a	6c68e435ad2483ac7e6fa91f66ae01b6a8089bc44b8ab6de09367755713d6174
focused-test-fixture	add	scripts/tests/check-hosted-test-composition-test.py	-	100755	30fce649fbd723b06fbdd6cb5a33588d0dab77a7	11acea5a79ef1488d7fa79038785e1745ba0c7a4e7f49f627e5e2bc7b40cba72
focused-test-fixture	add	scripts/tests/encrypt-hosted-evidence-test.py	-	100755	4d7273352306a726f5a5437e58e58daa6bbcbde0	ee1c0d995976522636dfba172c78adf00a59293971c5710beb1d2e00c773df65
focused-test-fixture	add	scripts/tests/fixtures/transcript-custody-api/build.gradle	-	100644	a8e19e01480dfdde023c97c56ec631fac05ce911	537d1a79d4941751465fdfbdbdae4f51865d36bffc97add75756b558f35f4667
focused-test-fixture	add	scripts/tests/fixtures/transcript-custody-api/settings.gradle	-	100644	749e7342644b554083bd3bb3f361bd4a3c5fe7a7	c21ce841374d67f7139819bb984858e2005906432ebecb75d847dcb3a6727d19
focused-test-fixture	add	scripts/tests/hosted-cache-bootstrap-after-save-command-test.py	-	100644	6bdaace2b16537fee05bb568c8d20e7ee13ae443	b63c00eb48e3b7940355b31450548c2ec2f061c8ff245dd60cf8a51162339bb7
focused-test-fixture	add	scripts/tests/hosted-cache-bootstrap-allocation-test.py	-	100644	0c4de9c68227b644a1cb897a23d73b77e496177d	46af83da5abcca0987403ae771a2f20921ae9fa2db4b1c99f8995b5c9724ac99
focused-test-fixture	add	scripts/tests/hosted-cache-bootstrap-close-test.py	-	100644	1c339395c755f055c39f7a72bf7962c43fee1e12	13b4e34b73675ea44776252d8bd67d9f76a70a60dc197972bc2dc92b2cbf0edf
focused-test-fixture	add	scripts/tests/hosted-cache-bootstrap-cohort-test.py	-	100644	86e9c206eb75bc2e23f0b83d7c6749b0a0afbfee	21558a0448f212a70182f712c263ae0c7b679e8ddb499c370e7dcdb17c2be7fe
focused-test-fixture	add	scripts/tests/hosted-cache-bootstrap-collect-files-test.py	-	100644	3aa0ca5f060de5c5f18050f244af4731798d04c5	e4d1182c04c39652dd5be3900b264003c548c72fb970361a8da80bcd335b290a
focused-test-fixture	add	scripts/tests/hosted-cache-bootstrap-collection-origin-test.py	-	100644	85ff2588364abfbe0d56786262b9dcd57fefb93e	86047fe902a25c7ba873b7be4ff058305fcd7f53f0037baf5dd297cc92d252d3
focused-test-fixture	add	scripts/tests/hosted-cache-bootstrap-collection-parent-test.py	-	100644	a12cd78720bceef98366a058d5e7a732026eb899	43ef6a78a35d8ca376d16a1a76fee32952ce482706d25c02234c70cd5b6d9e1d
focused-test-fixture	add	scripts/tests/hosted-cache-bootstrap-collection-test.py	-	100644	84c2d897c248dc992c7353533f98f3adcde7dd91	18be2180f4db8e7ed3e4269cad584bd6517d73f24f2fa2c610e11fa219a0747b
focused-test-fixture	add	scripts/tests/hosted-cache-bootstrap-custody-parent-test.py	-	100644	94c75f66d97e0edda89b412ef5aa82a728a3b214	91d92ba1f00287228cd0142f724d497dab1379e295ee029f40b8be62313448b1
focused-test-fixture	add	scripts/tests/hosted-cache-bootstrap-custody-test.py	-	100644	8d256ece97f4c3ad38c8afbc7e0ecb0fa3611a71	c0cbf2b39852295081482c13887ca8916bce29b91529409b1342d4965caef782
focused-test-fixture	add	scripts/tests/hosted-cache-bootstrap-entry-test.py	-	100644	0ae6cb0a8b4f5c16c1280afd6d12cce7ad114904	63f7c1cb0ce85bf53d230c8b0ba2ef0f7d5a8ef51bf991e281e5de0a2a9cf341
focused-test-fixture	add	scripts/tests/hosted-cache-bootstrap-export-test.py	-	100644	544fba146d8cf5bb7cbed77017da722fa93447dc	9b1c94e210498e44ae33dc3bdc924acc7d14c4e99d8586369b3bb7d9ca72df2a
focused-test-fixture	add	scripts/tests/hosted-cache-bootstrap-handoff-test.py	-	100644	0acc844159a16b857fe6a4c3a3f757939bd10405	5e9635f07ccc53698b5ae20e7f25b03d232a6da392ec5d82deed48980d3a61dc
focused-test-fixture	add	scripts/tests/hosted-cache-bootstrap-history-test.py	-	100644	eab9f0772cff908f75dc869b07d324cc0e1081f0	29a2f99c4a48a162b98300646184e2660a6b4d107914fc615431c7d2fde59916
focused-test-fixture	add	scripts/tests/hosted-cache-bootstrap-identity-test.py	-	100644	d7cf6958faef34c00c1d48d321af5a1ee98a6ba7	e63cb520c0c3f3f6ffde617e2b560c328625dafe69bb04229e2c4a01a84dc68c
focused-test-fixture	add	scripts/tests/hosted-cache-bootstrap-initialization-test.py	-	100644	c43c2db289e849cf5a38fdc6907509edaf9a84cf	14502e5bcb5edfea3d3c5f33c643ceb785427116b5208259c576a2545a794a47
focused-test-fixture	add	scripts/tests/hosted-cache-bootstrap-no-loader-origin-test.py	-	100644	4335eb9ee660eeb3314576f95050fff22076d9a3	228d23151a9072aeb31f355e57cd818689b1185d2b7f529e63e15bbde7699df2
focused-test-fixture	add	scripts/tests/hosted-cache-bootstrap-no-loader-parent-test.py	-	100644	aa3da261005215dcb985f2ed5b41ae3551be553c	9ff0e823fd6065aa14bc10f7c3ba0895866a235fbd9331c615407ee667911f82
focused-test-fixture	add	scripts/tests/hosted-cache-bootstrap-no-loader-test.py	-	100644	7ed95b1a59f6683093e23413439e627d4e66f491	25e181f0f2ec5c2c98b832975f0c675513f487efc116fff801bcf376a0ad0ff4
focused-test-fixture	add	scripts/tests/hosted-cache-bootstrap-origin-test.py	-	100644	39e7897c7d71abcf132d769dbbd6ee5fd14aa428	570aba0c2362916785e90dc993ebc8062a62540870b9e8b260f65847e42f21e3
focused-test-fixture	add	scripts/tests/hosted-cache-bootstrap-prepare-save-test.py	-	100644	c7f59817dafc0967fb970bbac8fbe6c6bc85e17f	a6b6bb92f3e84af5e62f22ffb5b2e8bd3016ed963f85b2affc153008efc35020
focused-test-fixture	add	scripts/tests/hosted-cache-bootstrap-probe-test.py	-	100644	f929383bb31128905c593a33ab3f9e8af0ebc635	e4fca4eedb64fa54943703494ef7304fb5d0a9350a43da48e02c6791a484c162
focused-test-fixture	add	scripts/tests/hosted-cache-bootstrap-producer-command-test.py	-	100644	3d90d8879606af53a015b8f9a285d2dc1ff271a1	c5015278a3352e5f3a8b5082d0e1e479472d7219c5593c2698ccbbd93e2e34f3
focused-test-fixture	add	scripts/tests/hosted-cache-bootstrap-producer-composition-test.py	-	100644	3dd37561fa6a91ce2dff4e6037828966db8592c2	3bbbfca31081bb539d9eb2fe67603c21cb36a022f72cbd4d021a78a5c2bf0653
focused-test-fixture	add	scripts/tests/hosted-cache-bootstrap-producer-parent-test.py	-	100644	12456787a1236616c3d00b99b1ae4c04fcd662d7	d5c815ae04fd6dbd06fc194e94415c890bb8d6cfbda444c0f15aaf0768dc0ad4
focused-test-fixture	add	scripts/tests/hosted-cache-bootstrap-producer-test.py	-	100644	f496ebe767269c519e541f24e9b480fc89360ba5	620cb252be783e072e8887b9ddb21528bbfbea8f1245732bf0f88cd2fff07820
focused-test-fixture	add	scripts/tests/hosted-cache-bootstrap-query-fence-test.py	-	100644	ebc123038822f68c0b3c33882f11dda73b47c9c6	11f592c3085e8bf158f02bc77fb88156b0b0d9bed2768c70da7903eda4b359d2
focused-test-fixture	add	scripts/tests/hosted-cache-bootstrap-reader-test.py	-	100644	aebf06be0ac5c773563ed9805e2fca3afa135f3e	e2bb0b4d9c3a0524b4e4513d2e088331ffc7979004eedc9120d879c054f5b1e9
focused-test-fixture	add	scripts/tests/hosted-cache-bootstrap-readmission-test.py	-	100644	5d7b997206e3865e5c3053e964c67cbd67612b8b	0fc679287b95d6891a1a7cd75289be2ab70afd7b9d0cf075213040f68578500e
focused-test-fixture	add	scripts/tests/hosted-cache-bootstrap-recipient-parent-test.py	-	100644	048077c1683134553b55ed86f44786157d09d483	39f78ef53e3e5c7ac3bd3967f9c77de6c8512bb7e3b5799814af88f58ef8db7f
focused-test-fixture	add	scripts/tests/hosted-cache-bootstrap-recipient-test.py	-	100644	72026b0e116cc7eaa899288ba383e385e7ed91f6	0bf0e77e3c1502d90ea90c2bf8f906918f9652b4684db1dedc611ac881f0d5b7
focused-test-fixture	add	scripts/tests/hosted-cache-bootstrap-save-handoff-test.py	-	100644	6030ec221436954234ec9c11bb92ace2dfd6ccca	6605c93d81945de16b8fc9a0472a9732d6cc2e99a775ea64beab086a17c2de76
focused-test-fixture	add	scripts/tests/hosted-cache-bootstrap-save-reader-test.py	-	100644	dca42511673c86b3e9f6ddeebcd1e5378a4d5d2e	bb423204e8d3dea9d5beea12dc437adb51edd14ab20edba7b70844ffa99ea5a0
focused-test-fixture	add	scripts/tests/hosted-cache-bootstrap-save-set-test.py	-	100644	c54f982158a90f98af6394b82054e6289e1295d6	540e4fb510ccc48168ed676e38d5e5a14f179749487dded8256c330d131e689e
focused-test-fixture	add	scripts/tests/hosted-cache-bootstrap-service-time-test.py	-	100644	a4e02257069dd3a4b6bc62b4fb27593dbf04f893	8fa064b8e53b694b8d99ad86eff5445bd78ef8995fbd122e90de046b72bd303c
focused-test-fixture	add	scripts/tests/hosted-cache-bootstrap-staging-parent-test.py	-	100644	a2de84e843b43c1bc03e7df156f67ef447d1fd22	e36a8357346035d8f8e5eb87295947a5fed063cffa2526b68f16ec7e4358a572
focused-test-fixture	add	scripts/tests/hosted-cache-bootstrap-staging-test.py	-	100644	dc9d1138d5760ee26d7cb0b261275c1b88f13f20	f3284036ac136eed744c76ad35b5a5c2c476b6895633dddb015f8dcab09718d3
focused-test-fixture	add	scripts/tests/hosted-cache-provider-action-return-test.py	-	100644	05dd1f04f5d8309ce60b45e7b75895e4dda6dc55	bf1d19a8a4085c143bc965b397767378abdfdeeb1496db0d0427ee8d8020a11c
focused-test-fixture	add	scripts/tests/hosted-cache-provider-action-test.cjs	-	100644	ebbd5a711834938fd183a6821cf43ba57c0ba031	cf77fca814fcb2011f67d63609aa64953036b24022aa0e6e17398ef8d3df6ca6
focused-test-fixture	add	scripts/tests/hosted-cache-provider-cancel-test.py	-	100644	b0b17c84e33dddf5c8f9be49b2e934f70a60958a	4ac277ed9065faf2653cafcdca684bc30b9eb29dfe06bcf859efc8dac082c24a
focused-test-fixture	add	scripts/tests/hosted-cache-provider-clock-test.py	-	100644	7ffd059cb05d5529f87d059cd72dc29dfbfcfac1	b55c92907e1050474d91fbea2b34150fdf5f956c5f4f8ca65eeeeaad7f00c1e2
focused-test-fixture	add	scripts/tests/hosted-cache-provider-contract-test.py	-	100644	7c61c6d0ea4e208902f47d482250f5096c19324c	d78bc186fcbcea947c4f6c4b594fdc9d677e2d3b82bed220c5a47acb3f0999cd
focused-test-fixture	add	scripts/tests/hosted-cache-provider-entry-test.py	-	100644	2b7f713c40786de1483c10e9ff130748ebc18709	d4975be3621b8507d9dc1ed8c936ea921ab31ad72cc189b3f5fa677dfd4ff8a9
focused-test-fixture	add	scripts/tests/hosted-cache-provider-environment-test.py	-	100644	a109678760c1b98c72f22777da7b7a9b17c2c813	f0823f610a0fd0e32a430ec5f9a99885c1c88738ecb7b6e247fd957d8471b0ab
focused-test-fixture	add	scripts/tests/hosted-cache-provider-launch-test.py	-	100644	9f1ce401a0863ff7cbdea3b508263103244c3c22	cf3797dfdcae2f44bd14b54a42431f29452c562d891920e447d766b5679f4ee1
focused-test-fixture	add	scripts/tests/hosted-cache-provider-lifecycle-test.py	-	100644	a13a2d7eea268f31cc01f458a365658daf4affdd	5285decab0f3449b5eaf514d6de1453e0d49a7b23cb7f3b6e423ab73a5646873
focused-test-fixture	add	scripts/tests/hosted-cache-provider-native-test.py	-	100644	152b6c4627a10a39c3f3085d5969d37fdf226dcf	a60c5a1aa2042d066ece7079daf3d8e6ac0fca77bf3a77ae3e2e301e0ff91f95
focused-test-fixture	add	scripts/tests/hosted-cache-provider-node-bridge-test.cjs	-	100644	7356a5bac2d25571a85b625c0a55d24f75a5ff4c	3d90a9ae7190de56e7ed99ed74f9dc836315cafe561ded5af0f22b9e3adf6a0e
focused-test-fixture	add	scripts/tests/hosted-cache-provider-node-return-test.cjs	-	100644	71ea1a2c1c75a1716895b73bbedeca1adf80ae29	736c3dcf0f079443a2936a857a9b347ee86af76b76a6b4fe8c6ec256dc28343d
focused-test-fixture	add	scripts/tests/hosted-cache-provider-prepare-test.py	-	100644	eec61344a8a75936537aaa3aa5db5b8909d88c0a	28d137f4dd30a2369c0443baa163b0982018221ea1da78c03e3711d99ec31fd3
focused-test-fixture	add	scripts/tests/hosted-cache-provider-readback-test.py	-	100644	1dfd254490d70ffdd6369ad9dbaec83c9afe058a	315645d1bc5f31dd809e50f57d08007db81002f13e9c744c692b1a0f187d3745
focused-test-fixture	add	scripts/tests/hosted-cache-provider-return-test.py	-	100644	e07e31977411dfce744b8df6ce0c0a2640cf5573	55d20cb6dbb8e55456e958da6d1e3012f32950b3dbc677fc2fef5420f0ade289
focused-test-fixture	add	scripts/tests/hosted-cache-provider-supervisor-return-test.py	-	100644	c39a7e8a1d3eb89ba6529d2c631efc48f56ce7a3	384a29bd715743797ccbef28d4892614885c4e0b98b02b6a20d1b7ea31593b21
focused-test-fixture	add	scripts/tests/hosted-cache-provider-supervisor-test.py	-	100644	d8f3d616e6fb604de967e0f69491ecfc50ba5186	92e2283c623f828edb55a25cf2fd59637a1803f3c93d14d76c1e992e31e2bf15
focused-test-fixture	add	scripts/tests/hosted-canonical-python-test.py	-	100644	6990b643551b4bc8765b4430bd319c34aa5f207f	a88bcee12a869e49beef0d4af22f50f6fd17bdcfbf0e063d4b803573ea2bc5d5
focused-test-fixture	add	scripts/tests/hosted-consume-delivery-test.py	-	100644	945b7d0c85fd24260632e270227bee125679b9f4	0039649718f2d1be6e6349aa8799f840fc0e01c24f3ef4bb4f76f6a9a893b254
focused-test-fixture	add	scripts/tests/hosted-controller-import-test.py	-	100644	ad264493e8d1764cff4208a4f7a9f6315c3b23da	7ed0af99aed6dcc7bd3639e27eb5b505a44401717217722cbdeed5d9a0ecbf16
focused-test-fixture	add	scripts/tests/hosted-dependency-cache-test.py	-	100644	1ad684aa91d3d59ef3cafe3f4c142463296b54f6	26a696b1dc8d59835d58468df380c53b0ccd7a85db091bcbd51cb66485df72bd
focused-test-fixture	add	scripts/tests/hosted-dependency-seed-files-test.py	-	100644	2efe57dc972426033158afda3634b88149f66b7d	2d51c731045871c4fb9074f8a21d11207308012b478fab85bad23a0497b15625
focused-test-fixture	add	scripts/tests/hosted-dependency-seed-test.py	-	100644	da77a14ae6dfcca2ace320da83b8bda33e2d24ea	639b023b03bf4ec5526998b80dcbda322783ddf9190a522775fc843241c20bcf
focused-test-fixture	add	scripts/tests/hosted-desktop-job-budget-test.py	-	100644	dd99838e01285f34111f300011d5b27571de68a1	21dea3898ab0793627befab4cb1791beb7f06f09e63456d5126897be7d205ef4
focused-test-fixture	add	scripts/tests/hosted-full-job-budget-test.py	-	100644	6233db3928adf153a0ca2b42f486d6dcdde7dd32	b9459dbda26178699312e6fde1226cb9a1073e1d992a674c8134b562c984fa2e
focused-test-fixture	add	scripts/tests/hosted-full-supplement-fixtures.py	-	100644	ee3e3ada4cbbfa79c6257133560bf742761e2799	ea6dda1dec59b3497a2225972d119b5ea1b26da28d7d352f90f52fd0927d7062
focused-test-fixture	add	scripts/tests/hosted-initial-recipient-bootstrap-identity-test.py	-	100644	35eeb267d38786a87a77a9d140fe68448d291f9e	3f5acc0e0c3c9aeab699c3807a5146f2734525033c9a289a08a41b1386215d83
focused-test-fixture	add	scripts/tests/hosted-initial-recipient-collect-test.py	-	100644	aff3e9d11086a7025fbbc0a1aaaeb7d2f5527670	b8360487cf26570b15e646630efde5f9b4059c4caedaee4a621e509d8d4401c0
focused-test-fixture	add	scripts/tests/hosted-initial-recipient-continuity-test.py	-	100644	81e2fe3e49dd613a7baf9f7d858e6a22ee9bce34	aae99fe0229f1847607eb771015dfafe0a22f083d50c05998fc466ee0afa0390
focused-test-fixture	add	scripts/tests/hosted-initial-recipient-crypto-originals-test.py	-	100644	8465e7c7ff9868c0240a91f0800c8e6bb90d1fa3	cf03b3d8e101c2c52dd515a503dcbf338f96ff0c4b363402379675a3be8e3ae4
focused-test-fixture	add	scripts/tests/hosted-initial-recipient-custody-authority-copy-test.py	-	100644	455caf3aa2894d099bc7a6194122d7678d33bcf9	c7e2c5a599e95462663d2acfa496001cfba47de4427dd3a9001d15f706acef45
focused-test-fixture	add	scripts/tests/hosted-initial-recipient-custody-authority-test.py	-	100644	2b71d34b8b3db16b9426a4a8a4a123e44ed4b7bb	04be39b011df8bf381a5e4bec0a9bdadba26887bc8f896ff922e07b9f725244c
focused-test-fixture	add	scripts/tests/hosted-initial-recipient-custody-clock-test.py	-	100644	2666b7d2ca8649a2df4b1c25320af146d67ba9a0	c8dd6d35e0742b21413954bfce13257dd1b834de74e1452abc973b2b4d672a07
focused-test-fixture	add	scripts/tests/hosted-initial-recipient-custody-crypto-clock-test.py	-	100644	53ad0ea30ac7f814d4b4d9b7e2c80c8d562c5fdc	4530113d73177353432addb6b1507e83df34d02ecba8c41c8bd22aa978af7df1
focused-test-fixture	add	scripts/tests/hosted-initial-recipient-custody-crypto-native-test.py	-	100644	a7e1dbe6e010f8d3fc88d84bf43abfce3095fa88	406a26e323b8563f15ddfd24c17f197e18571ac0b18cf4dc1fde512f1bccbfce
focused-test-fixture	add	scripts/tests/hosted-initial-recipient-custody-foundation-test.py	-	100644	7980da3e3bf0f217fcc98b0e21e4116cfff176f9	c03a9b7563fce17a6794ea29271631fdc4192d553893e0b2d5012eaced09dbb4
focused-test-fixture	add	scripts/tests/hosted-initial-recipient-custody-native-test.py	-	100644	f8a04b77e00aba46fef4266399451bfbb65e6387	41eb5ed173915d6704d041e58ece192a8f776233af25e59e7e5f410411e804fc
focused-test-fixture	add	scripts/tests/hosted-initial-recipient-custody-primary-test.py	-	100644	84713728ccc4d86250f4a877ec432e92f0437961	ef53f0f2a424a2f09fd50edf1c960b5c9400b2dccff1d3b56435129f8ff4ad8f
focused-test-fixture	add	scripts/tests/hosted-initial-recipient-custody-recipient-export-test.py	-	100644	2f1c40431ba1108c4a547343d39f97f184c04405	ce72c90dec170685b6274c4d99b4814f9703bc373d1f4655abefcc049274e568
focused-test-fixture	add	scripts/tests/hosted-initial-recipient-evidence-test.py	-	100644	c1a7ba92fa0520657e65d131b92276847a0c0225	6d3607db854e36bb82666a2a83155c88f82a032e797d5208657ca266887951ae
focused-test-fixture	add	scripts/tests/hosted-initial-recipient-exception-test.py	-	100644	cfe377f06e06d2ecbbbd48983d1facde79158c9e	1f6432561db30b863941f8928f27f142bbac47bc716bfbcc370580eb3d7cf80c
focused-test-fixture	add	scripts/tests/hosted-initial-recipient-gate-boot-test.py	-	100644	e1e80eb292b6302e7f7e0489e7baaeb9f6fe6dfc	b6bdc535be684cf4677ff494f640decb2b4b0582e8e5405a97dcc3fa79bf3968
focused-test-fixture	add	scripts/tests/hosted-initial-recipient-gate-originals-test.py	-	100644	5011cdd73549e2adc78d5ef371194aeddcf5fe91	167e646cb5c3a2c47263a11e8d5ca56a37a2e9acf727caece79af0cbee0c7654
focused-test-fixture	add	scripts/tests/hosted-initial-recipient-gate-test.py	-	100644	de25cdd464dbca353ca54f1cadcecb6b5ab6e682	b8b0e070f6be4e6120e90167df39318a97cc3327eb09d98ced78fb796b1d7ca8
focused-test-fixture	add	scripts/tests/hosted-initial-recipient-init-context-test.py	-	100644	d6648627824df20da871ff10b4b2e2364c1117f1	0fad8ced1e68ddc49b5898ebf4f4cd5e470546d9429b54eee4791e47bdf29616
focused-test-fixture	add	scripts/tests/hosted-initial-recipient-initialization-test.py	-	100644	b52b701ac4e05ba6a8486d48e299df9d07f54415	e80d62bbfcd0dd9a1a3e67e1dd3b0418ef6a0516769b2a51b7c3df7c4052b35a
focused-test-fixture	add	scripts/tests/hosted-initial-recipient-native-test.py	-	100644	2841f2a3e1454b57ad203bb6591fa7f63a9430fd	9462ca360f7d91e61bccdb610d78487ba27629001cafaf9724eb1f62ec040267
focused-test-fixture	add	scripts/tests/hosted-initial-recipient-original-graph-test.py	-	100644	ed8dbe738dbfd455086017f75efbf3b830aaa784	5e3c78abf398f795232666d5b23ec8463ff02e654589760542bf0736d982c60b
focused-test-fixture	add	scripts/tests/hosted-initial-recipient-originals-test.py	-	100644	e615a77c52a530d201580a6208c56e7d8542b7c3	0b451b71a408bb04398b1b3e55a0046dfa1c8e805022f95cddd0b1ff20e51b76
focused-test-fixture	add	scripts/tests/hosted-initial-recipient-query-originals-test.py	-	100644	4828d35ec639318c761dc883860bc35e42804274	d28e114a1e8dfccc06c7f25d17d7ed50e946ba883d98daf4d2328e5fdab3996c
focused-test-fixture	add	scripts/tests/hosted-initial-recipient-reader-scans-test.py	-	100644	40bced883152a0f7735b8bb92dca874a6cb15968	2be93ee6e259544d16b36b896b772c142bd0bf3d4d4d74283a38fb0af81ae8e9
focused-test-fixture	add	scripts/tests/hosted-initial-recipient-reader-test.py	-	100644	cf75e15cfbc8b54819abb8ff0c7b1a1afc6be465	72e1d6f32c40573af7c93185f4d46f6355e6280efe2a0e3bf032cfd80849d9b3
focused-test-fixture	add	scripts/tests/hosted-initial-recipient-readmission-test.py	-	100644	d5eb81475aed78781cefbbb5b3a7555ac1868787	b7dc816cb1c1a6198e948cafe4757de9535ad29c32762498522db88a0ad5e44b
focused-test-fixture	add	scripts/tests/hosted-initial-recipient-receiving-test.py	-	100644	58a3e7dae0b9c80a361a005db822c58433a18bfa	9161ed6fa53d6060179a3bac3a7d2c10478a846a89ac2afda10b6ecd6f8a64af
focused-test-fixture	add	scripts/tests/hosted-initial-recipient-sender-test.py	-	100644	5d74badab02073cf1cfe56aaf18be5cf24a52720	91e1db472c570463f015b46766aec11df212329daa3ed5fc8ff6f71308ce296f
focused-test-fixture	add	scripts/tests/hosted-initial-recipient-service-git-test.py	-	100644	d55aade31b08ed9e2af5d4ad01a28f1a1b3fadd4	8643005b66d1f9f1531da66d3ececf56165e7f9d3e9c12df7c7f7849f459d657
focused-test-fixture	add	scripts/tests/hosted-initial-recipient-stages-test.py	-	100644	e4859fc5060c5ca060e24293dee8c8bc023ada27	84103b1aa4aced5eda36c42a26bd39dd62a2abcbb454c544b83e9f2730e3d30d
focused-test-fixture	add	scripts/tests/hosted-initial-recipient-validation-test.py	-	100644	112688b936b113f0d765e6443b721fa239b31930	470c47c4268220886bf9be7e53ae1b0d1ca3d32f91910d54fe8a90358801bb5a
focused-test-fixture	add	scripts/tests/hosted-initial-recipient-worker-originals-test.py	-	100644	558db6100e0043e2aaf64ff8ccf1b60d6b4c3621	278b7fb60be14d46e74ffd82cad124344d4801b49289a5aa131d3ddd0feee0c9
focused-test-fixture	add	scripts/tests/hosted-job-clock-test.py	-	100644	3534652a7a3d6db2949aebc6976e3acc2644ffa4	d5cee7aea903c6ba5ba238f2aa0e103c682fe49edf2515d01765b1c6ba111950
focused-test-fixture	add	scripts/tests/hosted-lock-resources-test.py	-	100644	3938fab6cab77fd032e84ff5dc24e396061779f2	7c74e83054a3ed88f47cc650478e6602858540530c6aba99b4b9d31844aa5c30
focused-test-fixture	add	scripts/tests/hosted-posix-gpg-owner-test.py	-	100644	2d85fee325355277c12692654c21f3d6d6fd7a92	472ad1a931a0823b3499e6bdf8f82d72109db3a9cceebc386aa6198ef6d9e757
focused-test-fixture	add	scripts/tests/hosted-primary-abi-test.py	-	100644	33d7f0d198d33e7e3f9e1e57804ec526b26e1c0f	e1d3e22436537c93325f93f6918d42deae879cf9f503ae29267fb2cac0d10bc1
focused-test-fixture	add	scripts/tests/hosted-test-controller-test.py	-	100644	2203571e9daca3e6b8c02e9887a333fb5fffea14	a419c9dded959e79f6aa553ca835d129c62f30e8d84c9d414b44d73bae984dc9
focused-test-fixture	add	scripts/tests/hosted-test-evidence-test.py	-	100644	0b4fa7b7c34e7a15eac0b0d43e6c61f1d10fa47b	b96082f3c34753abb446a96454c829b358d8b624c7f4bd9fa7a90376c0396a2a
focused-test-fixture	add	scripts/tests/hosted-test-identity-test.py	-	100644	a71f50ad004e2204ed986f897da5ebcdd7b4ea1f	1107735fec2ae1c4bbfc2ef635a0c5261805e3dbbdee226f416ab700440d179e
focused-test-fixture	add	scripts/tests/hosted-test-query-test.py	-	100644	64cb9fab1a30230bb0ca438442f81da5fceefdb1	5bb788b5deb4b000b27ade8341386d564d5ab37bea574f3e8c44100573868fcb
focused-test-fixture	add	scripts/tests/hosted-test-query-windows-model-test.py	-	100644	39b7442d34fb9dbefed7d850f233c6ec14c77616	c7595000477bb131973fcbbcaec5fca6667140bf9b183dc37c12326c9309c358
focused-test-fixture	add	scripts/tests/hosted-windows-evidence-test.py	-	100644	b11a707e6ded5ba6268d58d9119a19bb52163b40	6c002c03669043c5da35b8f9725037c135b46ac8e84c7e511910840bbe420750
focused-test-fixture	add	scripts/tests/hosted-windows-files-test.py	-	100644	695335c24804e56cea6df1515606d29b717b0132	898c99c034f3812fe1842f638ee281d187d2582670b19aba4a986342cc115739
focused-test-fixture	add	scripts/tests/hosted-windows-provider-command-test.py	-	100644	46a57677d3fea6f0f43b241f8d3d042e68711467	cc16adeb92f9cd153174b5552b73387e7874f11d500bb6b58a77e86afde8c207
focused-test-fixture	add	scripts/tests/hosted-windows-provider-log-test.py	-	100644	53f82c868079c5e230f78b64845d57936d75a060	eed1646b6ee13390d770c02be58e59582dc7c2d98bf23056c42164b44eb6983f
focused-test-fixture	add	scripts/tests/hosted_initial_collect_models.py	-	100644	09a32ec1c010d77ec702b9be3a7abb3f6cc16c41	561975cdde3a9efaefb54c3d9f5c1d26ba6f03dd9595ddaf1ab3b1ecbbe1e32d
focused-test-fixture	replace	scripts/tests/run-audit-command-test.py	6964a744e86a2ffa48d40907d1212accd60cef44	100755	1f7246dbe47146bd7c76fe33a40ca1d173190140	e041ca6bc697b956f4180a98db34f0cc6fc3044759f064aa0874d4d2a7a64402
focused-test-fixture	replace	scripts/tests/run-platform-tests-test.py	e6a70409fcc3d204c4c6d680df31b7c893054301	100644	4ced30ae0c9b69b94c344b54c52d1ff1a04a4349	7a5ee28b3b8e6cb62e3f2e44483912cc8f34d71beba10cfa35418d15e42a0e4a
focused-test-fixture	add	scripts/tests/test-transcript-custody-test.py	-	100644	2b630325b79847c384097668719ad9d946499cae	17c6fcca25d6014c07cbf4971f27a9b9473b36ba5cfbf80e90c0f1d41810d889
